-- phpMyAdmin SQL Dump
-- version 5.2.1
-- https://www.phpmyadmin.net/
--
-- Host: 127.0.0.1
-- Generation Time: Jun 25, 2024 at 04:21 PM
-- Server version: 10.4.32-MariaDB
-- PHP Version: 8.2.12

SET SQL_MODE = "NO_AUTO_VALUE_ON_ZERO";
START TRANSACTION;
SET time_zone = "+00:00";


/*!40101 SET @OLD_CHARACTER_SET_CLIENT=@@CHARACTER_SET_CLIENT */;
/*!40101 SET @OLD_CHARACTER_SET_RESULTS=@@CHARACTER_SET_RESULTS */;
/*!40101 SET @OLD_COLLATION_CONNECTION=@@COLLATION_CONNECTION */;
/*!40101 SET NAMES utf8mb4 */;

--
-- Database: `travel_agent_3`
--

-- --------------------------------------------------------

--
-- Table structure for table `attraction_details`
--

CREATE TABLE `attraction_details` (
  `id` bigint(20) UNSIGNED NOT NULL,
  `package_details_id` bigint(20) UNSIGNED NOT NULL,
  `attraction_name` varchar(255) NOT NULL,
  `visit_date` date NOT NULL,
  `entry_fee` int(11) NOT NULL,
  `created_at` timestamp NULL DEFAULT NULL,
  `updated_at` timestamp NULL DEFAULT NULL
) ENGINE=InnoDB DEFAULT CHARSET=utf8mb4 COLLATE=utf8mb4_unicode_ci;

--
-- Dumping data for table `attraction_details`
--

INSERT INTO `attraction_details` (`id`, `package_details_id`, `attraction_name`, `visit_date`, `entry_fee`, `created_at`, `updated_at`) VALUES
(1, 1, 'Hurghada', '2024-07-01', 1000000, NULL, NULL),
(2, 2, 'Sharm El Sheikh', '2024-07-02', 500000, NULL, NULL),
(3, 3, '-', '0000-07-03', 0, NULL, NULL),
(4, 4, 'UNESCO World Heritage Site', '2024-07-10', 3000000, NULL, NULL),
(5, 5, '-', '2024-07-11', 0, NULL, NULL),
(6, 6, 'Lotus Temple', '2024-08-01', 2500000, NULL, NULL),
(7, 7, 'Akshardam Temple', '2024-08-02', 1500000, NULL, NULL),
(8, 8, '-', '2024-08-03', 0, NULL, NULL),
(9, 9, 'Li River', '2024-08-10', 550000, NULL, NULL),
(10, 10, 'Zhen Yang Walking Street', '2024-08-11', 0, NULL, NULL);

-- --------------------------------------------------------

--
-- Table structure for table `booking`
--

CREATE TABLE `booking` (
  `id` bigint(20) UNSIGNED NOT NULL,
  `user_id` bigint(20) UNSIGNED NOT NULL,
  `package_id` bigint(20) UNSIGNED NOT NULL,
  `created_at` timestamp NULL DEFAULT NULL,
  `updated_at` timestamp NULL DEFAULT NULL
) ENGINE=InnoDB DEFAULT CHARSET=utf8mb4 COLLATE=utf8mb4_unicode_ci;

-- --------------------------------------------------------

--
-- Table structure for table `flight_details`
--

CREATE TABLE `flight_details` (
  `id` bigint(20) UNSIGNED NOT NULL,
  `package_details_id` bigint(20) UNSIGNED NOT NULL,
  `airline_name` varchar(255) NOT NULL,
  `flight_number` varchar(255) NOT NULL,
  `departure_time` varchar(255) NOT NULL,
  `arrival_time` varchar(255) NOT NULL,
  `flight_class` varchar(255) NOT NULL,
  `created_at` timestamp NULL DEFAULT NULL,
  `updated_at` timestamp NULL DEFAULT NULL
) ENGINE=InnoDB DEFAULT CHARSET=utf8mb4 COLLATE=utf8mb4_unicode_ci;

--
-- Dumping data for table `flight_details`
--

INSERT INTO `flight_details` (`id`, `package_details_id`, `airline_name`, `flight_number`, `departure_time`, `arrival_time`, `flight_class`, `created_at`, `updated_at`) VALUES
(1, 1, 'EG123', 'Egypt Airlines', '08:00', '14:00', 'Economy', NULL, NULL),
(2, 2, '-', '-', '-', '-', '-', NULL, NULL),
(3, 3, 'EG124', 'Egypt Airlines', '16:00', '22:00', 'Economy', NULL, NULL),
(4, 4, 'Singapore Airlines', 'SQ456', '09:00', '11:00', 'Business', NULL, NULL),
(5, 5, 'Singapore Airlines', 'SQ457', '18:00', '20:00', 'Business', NULL, NULL),
(6, 6, 'Air India', 'AF789', '10:00', '22:00', 'Economy', NULL, NULL),
(7, 7, '-', '-', '-', '-', '-', NULL, NULL),
(8, 8, 'Air India', 'AF790', '12.00', '24.00', 'Economy', NULL, NULL),
(9, 9, 'Singapore Airlines', 'SQ987', '08:00', '10:00', 'Economy', NULL, NULL),
(10, 10, 'Singapore Airlines', 'SQ988', '20:00', '22:00', 'Economy', NULL, NULL);

-- --------------------------------------------------------

--
-- Table structure for table `hotel_details`
--

CREATE TABLE `hotel_details` (
  `id` bigint(20) UNSIGNED NOT NULL,
  `package_details_id` bigint(20) UNSIGNED NOT NULL,
  `hotel_name` varchar(255) NOT NULL,
  `address` varchar(255) NOT NULL,
  `room_type` varchar(255) NOT NULL,
  `room_number` int(11) NOT NULL,
  `created_at` timestamp NULL DEFAULT NULL,
  `updated_at` timestamp NULL DEFAULT NULL
) ENGINE=InnoDB DEFAULT CHARSET=utf8mb4 COLLATE=utf8mb4_unicode_ci;

--
-- Dumping data for table `hotel_details`
--

INSERT INTO `hotel_details` (`id`, `package_details_id`, `hotel_name`, `address`, `room_type`, `room_number`, `created_at`, `updated_at`) VALUES
(1, 1, 'Hotel Red Sea and Sinai 1', '123 Red Sea and Sinai St', 'Double', 101, NULL, NULL),
(2, 2, 'Hotel Red Sea and Sinai 2', '456 Red Sea and Sinai St', 'Family ', 102, NULL, NULL),
(3, 3, 'Hotel Red Sea and Sinai 3', '789 Red Sea and Sinai St', 'Suite', 103, NULL, NULL),
(4, 4, 'Hotel Petra 1', '123 Ptr Rd', 'Double', 201, NULL, NULL),
(5, 5, 'Hotel Petra 2', '456 Ptr Rd', 'Suite', 202, NULL, NULL),
(6, 6, 'Hotel New Delhi 1', '123 NWD Ave', 'Double', 301, NULL, NULL),
(7, 7, 'Hotel New Delhi 2', '456 NWD Ave', 'Single', 302, NULL, NULL),
(8, 8, 'Hotel New Delhi 3', '789 NWD Ave', 'Suite', 303, NULL, NULL),
(9, 9, 'Hotel Guilin 1', '123 GUI St', 'Double', 401, NULL, NULL),
(10, 10, 'Hotel Guilin 2', '456 GUI St', 'Suite', 402, NULL, NULL);

-- --------------------------------------------------------

--
-- Table structure for table `package`
--

CREATE TABLE `package` (
  `id` bigint(20) UNSIGNED NOT NULL,
  `name` varchar(255) NOT NULL,
  `description` varchar(255) NOT NULL,
  `departure_date` date NOT NULL,
  `return_date` date NOT NULL,
  `number_of_people` varchar(255) NOT NULL,
  `quota` int(11) NOT NULL,
  `price` int(11) NOT NULL,
  `image` varchar(255) NOT NULL,
  `created_at` timestamp NULL DEFAULT NULL,
  `updated_at` timestamp NULL DEFAULT NULL
) ENGINE=InnoDB DEFAULT CHARSET=utf8mb4 COLLATE=utf8mb4_unicode_ci;

--
-- Dumping data for table `package`
--

INSERT INTO `package` (`id`, `name`, `description`, `departure_date`, `return_date`, `number_of_people`, `quota`, `price`, `image`, `created_at`, `updated_at`) VALUES
(1, 'Ancient Egypt Tour', 'Explore the ancient wonders of Egypt', '2024-07-01', '2024-07-03', '4', 15, 30000000, 'https://travelagentimages.s3.amazonaws.com/egypt_tour.jpg', NULL, NULL),
(2, 'Jordan Adventure', 'Discover the hidden gems of Jordan', '2024-07-10', '2024-07-11', '5', 20, 22500000, 'https://travelagentimages.s3.amazonaws.com/jordan_adventure.jpg', NULL, NULL),
(3, 'Mystical India', 'Experience the rich heritage of India', '2024-08-01', '2024-08-03', '2', 25, 15000000, 'https://travelagentimages.s3.amazonaws.com/mystical_india.jpg', NULL, NULL),
(4, 'Guilin Trip', 'Walk through the historic sites of China', '2024-08-10', '2024-08-11', '3', 15, 25000000, 'https://travelagentimages.s3.amazonaws.com/guilin_trip.jpg', NULL, NULL);

-- --------------------------------------------------------

--
-- Table structure for table `package_details`
--

CREATE TABLE `package_details` (
  `id` bigint(20) UNSIGNED NOT NULL,
  `package_id` bigint(20) UNSIGNED NOT NULL,
  `day` int(11) NOT NULL,
  `description` varchar(255) NOT NULL,
  `origin_city` varchar(255) NOT NULL,
  `destination_city` varchar(255) NOT NULL,
  `created_at` timestamp NULL DEFAULT NULL,
  `updated_at` timestamp NULL DEFAULT NULL
) ENGINE=InnoDB DEFAULT CHARSET=utf8mb4 COLLATE=utf8mb4_unicode_ci;

--
-- Dumping data for table `package_details`
--

INSERT INTO `package_details` (`id`, `package_id`, `day`, `description`, `origin_city`, `destination_city`, `created_at`, `updated_at`) VALUES
(1, 1, 1, 'Depart from Surabaya and arrive in Egypt. Visit Hurghada.', 'Surabaya', 'Red Sea and Sinai', NULL, NULL),
(2, 1, 2, 'Stay in Red Sea and Sinai. Visit Sharm El Sheikh', 'Red Sea and Sinai', 'Red Sea and Sinai', NULL, NULL),
(3, 1, 3, 'Free Time in Red Sea and Sinai. Return to Surabaya.', 'Red Sea and Sinai', 'Surabaya', NULL, NULL),
(4, 2, 1, 'Depart from Jakarta and arrive in Petra. Visit UNESCO World Heritage Site.', 'Jakarta', 'Petra', NULL, NULL),
(5, 2, 2, 'Free Time in Petra. Return to Jakarta.', 'Petra', 'Jakarta', NULL, NULL),
(6, 3, 1, 'Depart from Jakarta and arrive in New Delhi. Visit Lotus Temple.', 'Jakarta', 'New Delhi', NULL, NULL),
(7, 3, 2, 'Stay in New Delhi. Visit Akshardam Temple.', 'New Delhi', 'New Delhi', NULL, NULL),
(8, 3, 3, 'Free Time. Return to Jakarta.', 'New Delhi', 'Jakarta', NULL, NULL),
(9, 4, 1, 'Depart from Singapore and arrive in Guilin. Visit Li River.', 'Singapore', 'Guilin', NULL, NULL),
(10, 4, 2, 'Visit Zhen Yang Walking Street. Return to Singapore.', 'Guilin', 'Singapore', NULL, NULL);

-- --------------------------------------------------------

--
-- Table structure for table `travel_agent`
--

CREATE TABLE `travel_agent` (
  `id` bigint(20) UNSIGNED NOT NULL,
  `name` varchar(200) NOT NULL,
  `email` varchar(100) NOT NULL,
  `phone_number` varchar(100) NOT NULL,
  `created_at` timestamp NULL DEFAULT NULL,
  `updated_at` timestamp NULL DEFAULT NULL
) ENGINE=InnoDB DEFAULT CHARSET=utf8mb4 COLLATE=utf8mb4_unicode_ci;

--
-- Dumping data for table `travel_agent`
--

INSERT INTO `travel_agent` (`id`, `name`, `email`, `phone_number`, `created_at`, `updated_at`) VALUES
(1, 'Timothy Tour', 'timothytour@gmail.com', '082468013579', NULL, NULL);

-- --------------------------------------------------------
--
-- Indexes for table `attraction_details`
--
ALTER TABLE `attraction_details`
  ADD PRIMARY KEY (`id`),
  ADD KEY `attraction_details_package_details_id_foreign` (`package_details_id`);

--
-- Indexes for table `booking`
--
ALTER TABLE `booking`
  ADD PRIMARY KEY (`id`),
  ADD KEY `booking_package_id_foreign` (`package_id`);

--
-- Indexes for table `flight_details`
--
ALTER TABLE `flight_details`
  ADD PRIMARY KEY (`id`),
  ADD KEY `flight_details_package_details_id_foreign` (`package_details_id`);

--
-- Indexes for table `hotel_details`
--
ALTER TABLE `hotel_details`
  ADD PRIMARY KEY (`id`),
  ADD KEY `hotel_details_package_details_id_foreign` (`package_details_id`);

--
-- Indexes for table `package`
--
ALTER TABLE `package`
  ADD PRIMARY KEY (`id`);

--
-- Indexes for table `package_details`
--
ALTER TABLE `package_details`
  ADD PRIMARY KEY (`id`),
  ADD KEY `package_details_package_id_foreign` (`package_id`);

--
-- Indexes for table `travel_agent`
--
ALTER TABLE `travel_agent`
  ADD PRIMARY KEY (`id`);

--
-- AUTO_INCREMENT for table `attraction_details`
--
ALTER TABLE `attraction_details`
  MODIFY `id` bigint(20) UNSIGNED NOT NULL AUTO_INCREMENT, AUTO_INCREMENT=24;

--
-- AUTO_INCREMENT for table `booking`
--
ALTER TABLE `booking`
  MODIFY `id` bigint(20) UNSIGNED NOT NULL AUTO_INCREMENT, AUTO_INCREMENT=13;

--
-- AUTO_INCREMENT for table `flight_details`
--
ALTER TABLE `flight_details`
  MODIFY `id` bigint(20) UNSIGNED NOT NULL AUTO_INCREMENT, AUTO_INCREMENT=23;

--
-- AUTO_INCREMENT for table `hotel_details`
--
ALTER TABLE `hotel_details`
  MODIFY `id` bigint(20) UNSIGNED NOT NULL AUTO_INCREMENT, AUTO_INCREMENT=23;

--
-- AUTO_INCREMENT for table `package`
--
ALTER TABLE `package`
  MODIFY `id` bigint(20) UNSIGNED NOT NULL AUTO_INCREMENT, AUTO_INCREMENT=9;

--
-- AUTO_INCREMENT for table `package_details`
--
ALTER TABLE `package_details`
  MODIFY `id` bigint(20) UNSIGNED NOT NULL AUTO_INCREMENT, AUTO_INCREMENT=23;

--
-- AUTO_INCREMENT for table `travel_agent`
--
ALTER TABLE `travel_agent`
  MODIFY `id` bigint(20) UNSIGNED NOT NULL AUTO_INCREMENT, AUTO_INCREMENT=2;

--
-- Constraints for table `attraction_details`
--
ALTER TABLE `attraction_details`
  ADD CONSTRAINT `attraction_details_package_details_id_foreign` FOREIGN KEY (`package_details_id`) REFERENCES `package_details` (`id`) ON DELETE CASCADE;

--
-- Constraints for table `booking`
--
ALTER TABLE `booking`
  ADD CONSTRAINT `booking_package_id_foreign` FOREIGN KEY (`package_id`) REFERENCES `package` (`id`) ON DELETE CASCADE;

--
-- Constraints for table `flight_details`
--
ALTER TABLE `flight_details`
  ADD CONSTRAINT `flight_details_package_details_id_foreign` FOREIGN KEY (`package_details_id`) REFERENCES `package_details` (`id`) ON DELETE CASCADE;

--
-- Constraints for table `hotel_details`
--
ALTER TABLE `hotel_details`
  ADD CONSTRAINT `hotel_details_package_details_id_foreign` FOREIGN KEY (`package_details_id`) REFERENCES `package_details` (`id`) ON DELETE CASCADE;

--
-- Constraints for table `package_details`
--
ALTER TABLE `package_details`
  ADD CONSTRAINT `package_details_package_id_foreign` FOREIGN KEY (`package_id`) REFERENCES `package` (`id`) ON DELETE CASCADE;
COMMIT;

/*!40101 SET CHARACTER_SET_CLIENT=@OLD_CHARACTER_SET_CLIENT */;
/*!40101 SET CHARACTER_SET_RESULTS=@OLD_CHARACTER_SET_RESULTS */;
/*!40101 SET COLLATION_CONNECTION=@OLD_COLLATION_CONNECTION */;
